timestamp,open,high,low,close,volume,turnover
2024-06-14,3469.18,3533.09,3361.38,3480.5,38681176.0,1338624325.251
2024-06-15,3480.5,3594.94,3472.38,3567.88,24074307.0,852785071.6155
2024-06-16,3567.88,3653.72,3540.04,3622.95,25896615.0,929518413.9361
2024-06-17,3622.95,3637.25,3464.06,3509.56,46957005.0,1662721974.7103
2024-06-18,3509.56,3515.85,3342.7,3482.33,51685519.0,1770160189.553
2024-06-19,3482.33,3587.28,3463.91,3558.76,42041629.0,1488658591.9845
2024-06-20,3558.76,3624.5,3484.1,3511.62,39524204.0,1403712116.2995
2024-06-21,3511.62,3546.65,3444.69,3517.17,40986222.0,1434230621.2908
2024-06-22,3517.17,3520.0,3472.98,3494.25,15627023.0,546427644.5248
2024-06-23,3494.25,3519.59,3405.19,3419.38,23606825.0,819107720.3862
2024-06-24,3419.38,3434.73,3214.21,3352.0,48740101.0,1623917658.6498
2024-06-25,3352.0,3429.09,3335.87,3393.07,27315058.0,924579492.4506
2024-06-26,3393.07,3425.0,3325.54,3370.14,25055498.0,845950031.9604
2024-06-27,3370.14,3476.59,3360.28,3450.35,24179913.0,827962414.0744
2024-06-28,3450.35,3487.98,3362.89,3379.5,28924032.0,991158288.5601
2024-06-29,3379.5,3407.0,3369.93,3377.63,15478802.0,524559630.2698
2024-06-30,3377.63,3459.6,3349.95,3436.73,18273687.0,621280506.5895
2024-07-01,3436.73,3523.78,3421.94,3440.46,27165598.0,943940998.7753
2024-07-02,3440.46,3463.51,3399.95,3420.42,18766424.0,644388272.0678
2024-07-03,3420.42,3431.36,3250.32,3294.75,32278146.0,1072075853.6734
2024-07-04,3294.75,3312.5,3049.5,3059.3,45584083.0,1440671272.8858
2024-07-05,3059.3,3107.99,2804.88,2980.68,59781735.0,1761239326.8728
2024-07-06,2980.68,3079.98,2953.78,3065.49,27231044.0,820712248.5964
2024-07-07,3065.49,3072.0,2922.0,2930.23,26730249.0,800702942.4415
2024-07-08,2930.23,3097.05,2821.28,3017.52,52292672.0,1553854087.5207
2024-07-09,3017.52,3115.74,3002.55,3065.06,37875865.0,1160438233.9671
2024-07-10,3065.06,3149.3,3022.57,3099.12,37770516.0,1170379458.3902
2024-07-11,3099.12,3216.0,3052.98,3098.25,42971962.0,1345634365.7749
2024-07-12,3098.25,3156.6,3044.67,3133.24,36221970.0,1123188512.0886
2024-07-13,3133.24,3200.62,3112.12,3174.0,22243998.0,700913196.4637
2024-07-14,3174.0,3266.65,3162.06,3243.81,27301144.0,874777551.8983
2024-07-15,3243.81,3493.12,3231.43,3481.62,41730159.0,1405830498.2544
2024-07-16,3481.62,3497.42,3345.0,3442.83,43267152.0,1485794675.2195
2024-07-17,3442.83,3516.72,3374.53,3386.01,33906918.0,1169076255.6383
2024-07-18,3386.01,3487.92,3364.94,3424.98,35546243.0,1217327745.0427
2024-07-19,3424.98,3539.37,3375.27,3502.18,35568539.0,1226977528.9058
2024-07-20,3502.18,3538.38,3478.01,3516.02,17964515.0,629293251.7607
2024-07-21,3516.02,3547.05,3408.64,3534.3,24703709.0,862951522.5451
2024-07-22,3534.3,3562.3,3421.01,3438.08,32280728.0,1121794625.9173
2024-07-23,3438.08,3540.47,3386.14,3481.01,64915358.0,2253159856.9284
2024-07-24,3481.01,3486.72,3285.94,3334.41,37128310.0,1263892517.6195
2024-07-25,3334.41,3341.48,3085.57,3173.68,65740162.0,2082526517.9347
2024-07-26,3173.68,3284.9,3169.17,3272.81,38737989.0,1257338451.5364
2024-07-27,3272.81,3326.79,3188.9,3248.17,30274422.0,989164360.3743
2024-07-28,3248.17,3284.51,3197.31,3268.02,18233247.0,592953451.7014
2024-07-29,3268.02,3395.68,3256.56,3316.62,37844140.0,1260456337.4533
2024-07-30,3316.62,3365.0,3230.94,3278.17,31030813.0,1026098759.1857
2024-07-31,3278.17,3348.44,3212.47,3231.49,36548620.0,1203143584.3457
2024-08-01,3231.49,3241.83,3078.75,3201.67,36278688.0,1144631269.9555
2024-08-02,3201.67,3217.06,2965.29,2988.11,45763461.0,1407038503.7082
2024-08-03,2988.11,3016.61,2856.48,2901.94,34134573.0,1003981388.8746
2024-08-04,2901.94,2933.0,2623.93,2687.61,49687678.0,1389730212.0912
2024-08-05,2687.61,2695.93,2121.06,2418.0,169074090.0,3960734547.3151
2024-08-06,2418.0,2558.0,2412.43,2459.87,63603383.0,1583617602.9919
2024-08-07,2459.87,2549.85,2307.0,2341.45,68710114.0,1671424933.4135
2024-08-08,2341.45,2723.78,2318.64,2681.59,65740197.0,1649737551.1557
2024-08-09,2681.59,2706.37,2551.23,2597.9,53835098.0,1412583285.1499
2024-08-10,2597.9,2644.0,2574.55,2608.76,24008527.0,626901888.3788
2024-08-11,2608.76,2719.99,2538.9,2554.66,46237278.0,1212853644.9061
2024-08-12,2554.66,2749.32,2507.46,2721.18,58633580.0,1549732284.6766
2024-08-13,2721.18,2737.21,2610.55,2701.0,51561043.0,1379037743.3908
2024-08-14,2701.0,2780.93,2631.34,2659.82,52185319.0,1406731205.9643
2024-08-15,2659.82,2674.1,2513.8,2568.72,46602098.0,1216949003.8655
2024-08-16,2568.72,2630.16,2549.34,2591.52,37445023.0,971752579.5225
2024-08-17,2591.52,2627.35,2585.81,2613.17,15598835.0,406193120.606
2024-08-18,2613.17,2687.22,2593.0,2610.68,24843212.0,656588252.0275
2024-08-19,2610.68,2647.29,2561.94,2635.16,42613234.0,1109307488.7143
2024-08-20,2635.16,2694.38,2552.75,2571.57,41960125.0,1099955113.3041
2024-08-21,2571.57,2662.88,2533.75,2629.38,40106999.0,1043951563.1371
2024-08-22,2629.38,2643.62,2582.4,2621.99,31749235.0,830847462.5838
2024-08-23,2621.99,2798.2,2619.94,2761.58,44193159.0,1189485150.5717
2024-08-24,2761.58,2819.14,2729.68,2766.6,32225238.0,893599996.8892
2024-08-25,2766.6,2791.2,2731.77,2744.47,22730188.0,627637268.5271
2024-08-26,2744.47,2760.95,2665.03,2679.25,40971882.0,1114635362.298
2024-08-27,2679.25,2698.61,2388.52,2455.98,56890620.0,1467937649.3661
2024-08-28,2455.98,2553.25,2417.83,2527.32,70313562.0,1756094797.5196
2024-08-29,2527.32,2594.0,2504.46,2526.31,50199440.0,1280210168.0997
2024-08-30,2526.31,2552.17,2431.0,2524.98,47451148.0,1187238008.2023
2024-08-31,2524.98,2533.11,2490.94,2511.96,25068609.0,630170079.1905
2024-09-01,2511.96,2514.97,2397.89,2424.7,40158890.0,992365536.5259
2024-09-02,2424.7,2564.12,2422.29,2536.74,38453717.0,964388411.8439
2024-09-03,2536.74,2552.55,2411.58,2424.05,34600502.0,857436319.7122
2024-09-04,2424.05,2489.14,2304.98,2449.66,43754720.0,1055870552.8475
2024-09-05,2449.66,2465.0,2346.84,2367.32,42202196.0,1009089707.6313
2024-09-06,2367.32,2408.32,2150.01,2223.69,58015350.0,1333201169.9235
2024-09-07,2223.69,2310.0,2220.76,2272.27,26587178.0,604762352.7438
2024-09-08,2272.27,2332.59,2239.39,2295.89,29723129.0,678427733.9284
2024-09-09,2295.89,2380.11,2271.64,2358.19,43936506.0,1018976273.5307
2024-09-10,2358.19,2398.99,2319.14,2387.63,33792886.0,795206153.5388
2024-09-11,2387.63,2388.39,2275.95,2339.43,40086160.0,934418463.8535
2024-09-12,2339.43,2391.03,2313.77,2360.78,31640249.0,743395608.8464
2024-09-13,2360.78,2463.75,2336.27,2438.15,33492229.0,800134445.9282
2024-09-14,2438.15,2439.58,2374.27,2416.66,17895517.0,432131741.8813
2024-09-15,2416.66,2429.1,2282.18,2314.85,26586351.0,631225760.2631
2024-09-16,2314.85,2334.9,2251.2,2294.61,40841972.0,935008177.5989
2024-09-17,2294.61,2392.55,2262.04,2340.59,39131518.0,913168389.8299
2024-09-18,2340.59,2375.43,2275.45,2373.51,46622473.0,1080742313.5969
2024-09-19,2373.51,2494.51,2371.38,2464.55,35248150.0,858226629.7752
2024-09-20,2464.55,2571.12,2436.35,2560.18,44670299.0,1132605881.9034
2024-09-21,2560.18,2622.05,2527.7,2611.4,21714773.0,556638010.5326
2024-09-22,2611.4,2631.52,2522.93,2579.95,33113338.0,853972753.6125
2024-09-23,2579.95,2702.0,2538.24,2645.85,42827548.0,1135493402.5359
2024-09-24,2645.85,2669.69,2590.1,2652.0,43243675.0,1138798471.6282
2024-09-25,2652.0,2673.0,2553.53,2578.91,33282463.0,868059778.3931
2024-09-26,2578.91,2665.39,2557.64,2631.11,39624391.0,1041033799.5231
2024-09-27,2631.11,2727.15,2614.22,2693.52,37659124.0,1006720382.4434
2024-09-28,2693.52,2703.3,2648.57,2673.63,18154154.0,485427204.8848
2024-09-29,2673.63,2683.0,2632.82,2656.3,21897495.0,582113143.8196
2024-09-30,2656.3,2662.65,2573.39,2601.5,43711050.0,1142246827.6416
2024-10-01,2601.5,2658.55,2412.4,2446.98,62571665.0,1580663627.7156
2024-10-02,2446.98,2498.0,2350.29,2363.01,60228585.0,1461202589.917
2024-10-03,2363.01,2402.29,2308.56,2348.82,54940302.0,1289525290.6253
2024-10-04,2348.82,2440.0,2338.29,2413.38,42445358.0,1015088569.1371
2024-10-05,2413.38,2427.5,2389.08,2413.41,25023130.0,602543798.6409
2024-10-06,2413.41,2456.82,2405.76,2438.77,35992434.0,874908567.0699
2024-10-07,2438.77,2520.25,2401.41,2421.75,57806541.0,1425556570.5065
2024-10-08,2421.75,2465.48,2400.01,2439.84,53821878.0,1309063655.2337
2024-10-09,2439.84,2472.78,2350.0,2369.62,45291740.0,1097642547.1141
2024-10-10,2369.62,2420.63,2329.63,2385.23,57325575.0,1365968131.8737
2024-10-11,2385.23,2469.98,2380.81,2438.46,39803064.0,967966414.9247
2024-10-12,2438.46,2489.59,2433.2,2475.08,24694080.0,608382379.3775
2024-10-13,2475.08,2484.0,2435.0,2467.78,32939795.0,810271003.1034
2024-10-14,2467.78,2653.23,2441.99,2628.87,66640413.0,1713033963.731
2024-10-15,2628.87,2688.4,2536.67,2606.75,74956604.0,1948324831.7131
2024-10-16,2606.75,2647.41,2588.01,2610.4,47970760.0,1255456088.5426
2024-10-17,2610.4,2647.84,2574.6,2605.0,54330244.0,1418490469.8463
2024-10-18,2605.0,2675.07,2595.61,2641.11,42457805.0,1119160684.3131
2024-10-19,2641.11,2662.65,2630.05,2647.4,23892901.0,631581792.9827
2024-10-20,2647.4,2759.48,2634.53,2746.99,35799613.0,963552872.9508
2024-10-21,2746.99,2770.0,2655.6,2666.63,41124186.0,1108896992.4813
2024-10-22,2666.63,2671.57,2606.07,2621.73,46538197.0,1224050166.7277
2024-10-23,2621.73,2627.0,2445.4,2523.86,71679459.0,1821380425.5749
2024-10-24,2523.86,2561.27,2506.53,2535.39,50717050.0,1284138663.3696
2024-10-25,2535.39,2565.89,2380.65,2440.11,75920411.0,1897503938.714
2024-10-26,2440.11,2507.1,2429.34,2482.04,36554716.0,900824095.6008
2024-10-27,2482.04,2527.24,2463.33,2507.4,33172345.0,826558959.1438
2024-10-28,2507.4,2590.0,2470.41,2566.49,48504904.0,1221484735.4155
2024-10-29,2566.49,2681.82,2560.3,2639.27,71769457.0,1887438297.8396
2024-10-30,2639.27,2724.46,2600.01,2659.44,86411431.0,2310133121.9165
2024-10-31,2659.44,2669.69,2502.94,2518.38,64930977.0,1671317684.0401
2024-11-01,2518.38,2587.4,2467.59,2511.57,62817745.0,1582739505.3115
2024-11-02,2511.57,2523.64,2467.85,2493.6,37497215.0,935826620.0361
2024-11-03,2493.6,2496.2,2410.36,2457.29,47886725.0,1173091147.287
2024-11-04,2457.29,2490.99,2356.2,2397.36,53417336.0,1302538768.5967
2024-11-05,2397.36,2479.43,2379.49,2421.41,39205555.0,953754881.1822
2024-11-06,2421.41,2746.0,2419.22,2722.5,89430610.0,2343778318.7527
2024-11-07,2722.5,2916.51,2700.32,2895.57,97592929.0,2769295977.5709
2024-11-08,2895.57,2982.69,2886.61,2962.0,96682681.0,2832321967.5331
2024-11-09,2962.0,3158.42,2954.63,3127.02,99905678.0,3042169659.2889
2024-11-10,3127.02,3252.2,3074.04,3185.04,145527925.0,4636011581.8894
2024-11-11,3185.04,3392.06,3107.15,3375.02,113343230.0,3684555447.4066
2024-11-12,3375.02,3448.99,3211.69,3245.81,103013936.0,3397699812.3165
2024-11-13,3245.81,3334.77,3120.0,3188.9,90350850.0,2905884251.484
2024-11-14,3188.9,3242.31,3031.99,3061.04,99608885.0,3137679436.5461
2024-11-15,3061.04,3133.52,3016.15,3091.78,84734584.0,2596688335.9572
2024-11-16,3091.78,3222.69,3073.58,3134.71,59642335.0,1879970726.1551
2024-11-17,3134.71,3164.79,3035.58,3078.08,65998294.0,2046108440.007
2024-11-18,3078.08,3228.0,3052.39,3210.5,98747782.0,3090704982.4992
2024-11-19,3210.5,3224.81,3066.57,3109.34,104136324.0,3248031010.0022
2024-11-20,3109.34,3161.8,3030.6,3070.98,112771734.0,3488386644.702
2024-11-21,3070.98,3389.88,3033.4,3358.69,142896703.0,4663776512.2921
2024-11-22,3358.69,3429.98,3261.26,3330.02,136327512.0,4537592854.1207
2024-11-23,3330.02,3498.85,3315.28,3396.33,129518594.0,4414631147.3208
2024-11-24,3396.33,3452.39,3284.49,3362.98,112023555.0,3754260236.9351
2024-11-25,3362.98,3549.8,3302.04,3417.04,219292548.0,7568319604.7828
2024-11-26,3417.04,3464.95,3254.69,3327.17,141972579.0,4746726826.2333
2024-11-27,3327.17,3688.0,3305.0,3656.11,150648616.0,5299229490.1977
2024-11-28,3656.11,3664.31,3531.32,3581.59,108448171.0,3895507095.5698
2024-11-29,3581.59,3647.99,3536.51,3594.5,93884095.0,3369899109.1991
2024-11-30,3594.5,3742.22,3570.26,3705.73,138928141.0,5122055963.7133
2024-12-01,3705.73,3750.11,3661.35,3711.22,129302816.0,4795987358.5779
2024-12-02,3711.22,3765.99,3558.53,3646.25,183292088.0,6680313077.761
2024-12-03,3646.25,3673.9,3503.71,3616.83,128002947.0,4607989586.1708
2024-12-04,3616.83,3890.73,3616.82,3841.14,229920383.0,8668011959.6561
2024-12-05,3841.14,3959.24,3617.5,3787.33,231803959.0,8957109473.1963
2024-12-06,3787.33,4092.41,3780.2,4001.76,203246305.0,8034742908.1512
2024-12-07,4001.76,4027.62,3970.61,3999.78,74918379.0,2995886240.9061
2024-12-08,3999.78,4019.35,3926.3,4007.3,80889755.0,3220852012.4572
2024-12-09,4007.3,4008.56,3483.0,3712.37,289252614.0,10984524550.7505
2024-12-10,3712.37,3781.24,3515.23,3628.4,211051791.0,7718822396.8278
2024-12-11,3628.4,3846.95,3562.73,3830.42,116549768.0,4339193092.4205
2024-12-12,3830.42,3986.81,3795.44,3880.52,183079903.0,7169892385.3321
2024-12-13,3880.52,3967.46,3851.81,3905.6,109809961.0,4292121229.4566
2024-12-14,3905.6,3944.55,3823.47,3868.61,75698155.0,2938572635.6214
2024-12-15,3868.61,3973.64,3829.5,3958.27,87805067.0,3420257238.2171
2024-12-16,3958.27,4109.06,3882.38,3984.75,163143700.0,6498269527.2653
2024-12-17,3984.75,4039.98,3845.26,3890.83,151264536.0,6003525061.8029
2024-12-18,3890.83,3907.42,3615.62,3625.2,193842356.0,7336404660.0825
2024-12-19,3625.2,3718.31,3324.18,3416.68,253943765.0,8995578058.3804
2024-12-20,3416.68,3496.19,3100.0,3470.88,230340750.0,7657135838.1048
2024-12-21,3470.88,3553.54,3291.55,3337.56,132236403.0,4507604734.6747
2024-12-22,3337.56,3401.5,3219.58,3280.7,123495087.0,4089943800.9929
2024-12-23,3280.7,3465.4,3215.4,3420.74,152717286.0,5097976979.6113
2024-12-24,3420.74,3538.47,3356.23,3491.98,81804703.0,2819016687.4783
2024-12-25,3491.98,3547.01,3439.03,3495.39,62071887.0,2161705753.6934
2024-12-26,3495.39,3514.16,3302.97,3333.16,83601458.0,2823915858.5067
2024-12-27,3333.16,3443.87,3306.0,3332.1,92809778.0,3120499800.5486
2024-12-28,3332.1,3427.06,3320.92,3402.53,55382598.0,1864575698.5399
2024-12-29,3402.53,3412.83,3324.65,3355.46,55095548.0,1856698131.9922
2024-12-30,3355.46,3436.8,3303.76,3360.11,134224484.0,4537481414.0667
2024-12-31,3360.11,3451.23,3313.96,3336.55,92951892.0,3133005558.0197
2025-01-01,3336.55,3373.97,3312.98,3359.35,61333357.0,2050871656.179
2025-01-02,3359.35,3510.52,3353.5,3454.83,90330263.0,3107480334.7914
2025-01-03,3454.83,3629.56,3421.95,3607.9,103736158.0,3663172170.8962
2025-01-04,3607.9,3669.98,3570.94,3655.98,82034648.0,2970653360.9433
2025-01-05,3655.98,3674.6,3592.18,3634.95,57945276.0,2102843631.4424
2025-01-06,3634.95,3744.17,3609.08,3685.72,95059462.0,3488989011.6839
2025-01-07,3685.72,3700.16,3354.98,3379.38,144530041.0,5070941338.5979
2025-01-08,3379.38,3413.54,3206.82,3325.4,207833887.0,6918348053.344
2025-01-09,3325.4,3355.85,3156.06,3217.8,130964926.0,4281627742.7608
2025-01-10,3217.8,3320.46,3193.66,3265.49,135017137.0,4409593114.1507
2025-01-11,3265.49,3319.29,3217.52,3281.84,57108797.0,1864641647.5387
2025-01-12,3281.84,3298.99,3222.69,3265.7,85342844.0,2787516738.8151
2025-01-13,3265.7,3338.32,2909.99,3136.14,196297241.0,6105445550.6546
2025-01-14,3136.14,3255.5,3124.59,3224.01,137438582.0,4396905301.7072
2025-01-15,3224.01,3472.54,3185.33,3449.81,124355865.0,4117205147.485
2025-01-16,3449.81,3458.81,3264.01,3306.91,111628647.0,3727038120.7151
2025-01-17,3306.91,3524.85,3306.43,3472.35,114436022.0,3913040594.309
2025-01-18,3472.35,3492.95,3225.92,3306.71,133428610.0,4412707703.1901
2025-01-19,3306.71,3449.71,3129.63,3213.73,237891704.0,7813839999.8942
2025-01-20,3213.73,3455.0,3141.63,3283.19,168097586.0,5569451157.6756
2025-01-21,3283.19,3367.87,3203.52,3326.72,67001437.0,2202819095.3136
2025-01-22,3326.72,3365.96,3220.95,3241.99,54948110.0,1806825688.6675
2025-01-23,3241.99,3347.6,3181.18,3337.87,90814239.0,2947140961.8645
2025-01-24,3337.87,3429.99,3273.99,3308.62,64074665.0,2153851539.2776
2025-01-25,3308.62,3349.76,3267.24,3317.89,32752148.0,1084015115.4031
2025-01-26,3317.89,3360.64,3227.11,3230.64,34839765.0,1153401654.2511
2025-01-27,3230.64,3252.64,3020.56,3180.73,115253350.0,3595149974.6902
2025-01-28,3180.73,3221.68,3038.1,3075.94,61328885.0,1933272139.7526
2025-01-29,3075.94,3180.34,3052.93,3112.52,67198907.0,2094124621.8277
2025-01-30,3112.52,3282.14,3089.45,3245.86,55114071.0,1777314762.5828
2025-01-31,3245.86,3436.39,3212.32,3299.51,97032571.0,3225214320.7961
2025-02-01,3299.51,3330.8,3101.1,3116.23,74070443.0,2386060707.4037
2025-02-02,3116.23,3161.86,2743.75,2867.89,112096979.0,3344259307.349
2025-02-03,2867.89,2919.21,2086.66,2878.68,216858148.0,5693604919.3185
2025-02-04,2878.68,2887.34,2630.61,2729.83,143779277.0,3972794955.2645
2025-02-05,2729.83,2827.22,2697.96,2787.01,75336325.0,2080054143.1403
2025-02-06,2787.01,2856.93,2653.25,2685.18,68653577.0,1892782065.0094
2025-02-07,2685.18,2796.0,2560.79,2620.67,72150295.0,1942028674.8029
2025-02-08,2620.67,2666.39,2587.06,2631.0,41092790.0,1077703337.1206
2025-02-09,2631.0,2697.75,2519.26,2625.99,43675794.0,1147275643.5319
2025-02-10,2625.99,2693.0,2558.15,2660.0,46482533.0,1229858427.6973
2025-02-11,2660.0,2724.38,2556.26,2601.04,139838271.0,3703032904.2712
2025-02-12,2601.04,2794.56,2545.0,2737.13,163567903.0,4311712134.0449
2025-02-13,2737.13,2756.38,2611.4,2674.52,146394286.0,3903775080.243
2025-02-14,2674.52,2790.8,2662.97,2724.21,143504282.0,3903165952.2185
2025-02-15,2724.21,2738.0,2660.0,2691.73,65321837.0,1764810382.1006
2025-02-16,2691.73,2725.73,2649.65,2659.98,77500424.0,2083285582.9534
2025-02-17,2659.98,2848.69,2634.81,2743.0,211329940.0,5793001854.566
2025-02-18,2743.0,2755.7,2604.24,2670.57,184973000.0,4942752110.6586
2025-02-19,2670.57,2735.56,2654.81,2714.06,125392957.0,3391601266.6485
2025-02-20,2714.06,2770.07,2706.04,2736.87,108767888.0,2976068491.2848
2025-02-21,2736.87,2844.91,2614.76,2660.86,177431885.0,4853078916.0631
2025-02-22,2660.86,2797.2,2651.31,2761.95,88881564.0,2434095785.6819
2025-02-23,2761.95,2860.29,2743.87,2818.55,130622903.0,3654647592.2335
2025-02-24,2818.55,2839.02,2466.49,2512.27,227346509.0,6063765847.5924
2025-02-25,2512.27,2532.5,2304.86,2494.24,286589809.0,6980503567.5303
2025-02-26,2494.24,2506.43,2253.02,2335.34,347602088.0,8318540320.1591
2025-02-27,2335.34,2380.65,2229.18,2306.66,234685032.0,5451151400.531
2025-02-28,2306.66,2313.0,2070.44,2236.16,326764956.0,7084480110.4606
2025-03-01,2236.16,2279.75,2141.48,2216.59,172122195.0,3803124310.5854
2025-03-02,2216.59,2549.97,2171.12,2517.12,288677135.0,6802014513.3481
2025-03-03,2517.12,2522.78,2095.08,2148.21,368340395.0,8413734043.4779
2025-03-04,2148.21,2221.43,1988.69,2170.52,363790274.0,7661116940.0315
2025-03-05,2170.52,2272.79,2154.21,2240.45,198788313.0,4387720864.2895
2025-03-06,2240.45,2318.99,2175.5,2201.34,217879222.0,4893643532.1121
2025-03-07,2201.34,2258.04,2100.9,2140.72,219314912.0,4758708747.6334
2025-03-08,2140.72,2234.26,2103.16,2202.83,121566731.0,2639155798.6098
2025-03-09,2202.83,2211.27,1987.35,2019.0,173819209.0,3612453600.9927
2025-03-10,2019.0,2152.18,1808.38,1864.0,297986199.0,5912711981.586
2025-03-11,1864.0,1963.86,1753.12,1922.61,256827823.0,4859105621.7629
2025-03-12,1922.61,1955.88,1828.89,1907.24,222319783.0,4206717921.2013
2025-03-13,1907.24,1920.46,1820.5,1863.89,187390103.0,3513620960.3631
2025-03-14,1863.89,1945.27,1860.41,1910.92,143827013.0,2747228773.6858
2025-03-15,1910.92,1957.02,1902.73,1936.26,77226423.0,1489575195.824
2025-03-16,1936.26,1940.0,1858.23,1885.97,122398586.0,2320144816.6769
2025-03-17,1885.97,1951.76,1878.66,1925.37,135488902.0,2596713672.0302
2025-03-18,1925.37,1935.44,1871.14,1930.64,114191243.0,2166236184.9865
2025-03-19,1930.64,2069.0,1927.12,2055.22,195979870.0,3936989359.6746
2025-03-20,2055.22,2066.66,1951.2,1982.72,138281596.0,2751638743.1752
2025-03-21,1982.72,1995.8,1934.92,1964.82,109717133.0,2156929017.8572
2025-03-22,1964.82,2005.66,1963.42,1979.56,74369897.0,1478553760.4786
2025-03-23,1979.56,2019.88,1975.7,2005.0,82410393.0,1648748161.5369
2025-03-24,2005.0,2102.85,1976.47,2080.41,172929196.0,3571292215.6821
2025-03-25,2080.41,2097.21,2036.0,2065.23,158199004.0,3265544468.3046
2025-03-26,2065.23,2077.7,1980.47,2008.7,165712504.0,3363935202.6393
2025-03-27,2008.7,2036.51,1985.71,2002.81,140385751.0,2829364304.0164
2025-03-28,2002.81,2015.09,1860.41,1896.03,186811302.0,3569678193.5266
2025-03-29,1896.03,1912.83,1796.21,1827.06,157233194.0,2905910632.9808
2025-03-30,1827.06,1848.03,1766.23,1807.0,146021622.0,2650818174.3266
2025-03-31,1807.0,1853.33,1775.99,1821.6,177051874.0,3216933444.2508
2025-04-01,1821.6,1927.09,1816.86,1904.21,165835644.0,3122727154.7189
2025-04-02,1904.21,1956.16,1780.53,1794.24,227239438.0,4254357876.8595
2025-04-03,1794.24,1844.72,1747.54,1816.48,193585900.0,3470409826.2135
2025-04-04,1816.48,1834.57,1757.52,1815.96,184069881.0,3310756281.421
2025-04-05,1815.96,1826.62,1763.29,1805.14,78739400.0,1416145197.1373
2025-04-06,1805.14,1816.36,1536.15,1579.98,335450633.0,5574099551.1877
2025-04-07,1579.98,1638.46,1410.51,1552.44,442002797.0,6748150231.2972
2025-04-08,1552.44,1618.0,1444.04,1472.68,272642295.0,4139529651.359
2025-04-09,1472.68,1687.99,1384.01,1668.7,467120743.0,7104069552.7059
2025-04-10,1668.7,1669.19,1471.83,1521.57,268804213.0,4175060790.5321
2025-04-11,1521.57,1590.79,1503.85,1566.15,185462676.0,2887519063.5326
2025-04-12,1566.15,1669.15,1545.14,1643.59,186088810.0,3008930670.239
2025-04-13,1643.59,1649.12,1561.01,1596.93,224482918.0,3607486396.2489
2025-04-14,1596.93,1690.85,1594.99,1623.02,214611380.0,3526163371.4841
2025-04-15,1623.02,1660.58,1582.28,1588.0,187830324.0,3053657313.6803
2025-04-16,1588.0,1614.55,1537.69,1576.58,212000907.0,3348874417.2973
2025-04-17,1576.58,1616.37,1562.25,1582.84,160227355.0,2550213260.4371
2025-04-18,1582.84,1599.97,1572.65,1587.91,105711849.0,1676778119.0444
2025-04-19,1587.91,1632.24,1584.45,1612.45,98075294.0,1574338062.7912
2025-04-20,1612.45,1618.46,1564.69,1586.56,110401744.0,1753627773.2225
2025-04-21,1586.56,1657.98,1560.87,1578.66,235582490.0,3798940768.2542
2025-04-22,1578.66,1778.59,1536.27,1755.58,358503201.0,5921747178.8264
2025-04-23,1755.58,1835.7,1744.46,1794.46,252415251.0,4521217068.7886
2025-04-24,1794.46,1802.26,1721.49,1768.8,212125628.0,3727365580.3741
2025-04-25,1768.8,1826.29,1737.59,1783.77,210426704.0,3752812123.0647
2025-04-26,1783.77,1840.93,1778.2,1819.99,130706525.0,2357554082.7915
2025-04-27,1819.99,1856.99,1780.65,1790.22,120838561.0,2183470623.7057
2025-04-28,1790.22,1826.67,1742.97,1799.15,249125257.0,4451065454.9089
2025-04-29,1799.15,1842.19,1779.4,1796.57,214782114.0,3898485107.602
2025-04-30,1796.57,1815.85,1730.8,1792.79,232561816.0,4147092373.9517
2025-05-01,1792.79,1872.41,1791.55,1837.21,422045854.0,7750422482.1177
2025-05-02,1837.21,1870.87,1812.0,1841.22,580224545.0,10670001131.8932
2025-05-03,1841.22,1847.98,1808.03,1832.54,640046809.0,11715145294.9904
2025-05-04,1832.54,1849.53,1801.72,1807.88,880571322.0,16109002837.7938
2025-05-05,1807.88,1832.73,1780.46,1819.44,761867694.0,13791856830.4855
2025-05-06,1819.44,1820.21,1750.44,1816.22,916240330.0,16379579421.377
2025-05-07,1816.22,1850.0,1785.99,1810.14,976567797.0,17755397749.0025
2025-05-08,1810.14,2225.83,1807.71,2206.54,1520459320.0,30939945421.3017
2025-05-09,2206.54,2490.15,2183.63,2344.32,1255959102.0,29043621810.6334
2025-05-10,2344.32,2600.67,2315.56,2582.94,1130624401.0,27469530064.9136
2025-05-11,2582.94,2607.49,2435.25,2513.48,743868874.0,18647192366.7044
2025-05-12,2513.48,2623.8,2406.7,2494.15,1149104230.0,29019065674.8769
2025-05-13,2494.15,2738.58,2414.65,2678.59,1142757782.0,29466803186.6967
2025-05-14,2678.59,2723.71,2545.48,2608.72,789302202.0,20663592441.3982
2025-05-15,2608.72,2645.76,2476.92,2547.75,1023690086.0,26137929684.9247
2025-05-16,2547.75,2647.94,2527.72,2535.71,1018294814.0,26306947310.73
2025-05-17,2535.71,2536.57,2443.82,2474.11,853335625.0,21162601906.7917
2025-05-18,2474.11,2586.6,2315.34,2496.98,1138883876.0,28288474841.7188
2025-05-19,2496.98,2546.77,2347.33,2526.87,1075205321.0,26333743154.2222
2025-05-20,2526.87,2589.41,2441.87,2523.08,1203620988.0,30188043908.7091
2025-05-21,2523.08,2615.39,2450.74,2550.01,1524297380.0,38683618183.2771
2025-05-22,2550.01,2692.45,2543.8,2663.63,1082266314.0,28558189863.6238
2025-05-23,2663.63,2733.22,2497.0,2525.59,1163220611.0,30273494439.4278
2025-05-24,2525.59,2574.45,2514.11,2529.26,723655292.0,18434823573.7643
2025-05-25,2529.26,2553.0,2461.51,2549.9,612151174.0,15329253220.4126
2025-05-26,2549.9,2598.36,2523.01,2562.43,286353897.0,7325684896.4912
2025-05-27,2562.43,2711.8,2508.47,2659.84,321474999.0,8476051230.4293
2025-05-28,2659.84,2689.0,2607.78,2680.42,236141765.0,6239889274.493
2025-05-29,2680.42,2788.88,2617.48,2630.43,269006023.0,7230492968.6108
2025-05-30,2630.43,2648.04,2505.94,2529.62,237804724.0,6155928033.6225
2025-05-31,2529.62,2550.02,2474.15,2527.09,134408976.0,3391170968.4033
2025-06-01,2527.09,2546.99,2467.17,2537.91,134500021.0,3380714281.6979
2025-06-02,2537.91,2614.0,2472.74,2606.48,189404169.0,4784705297.6001
2025-06-03,2606.48,2654.83,2572.07,2592.17,206017589.0,5385259436.4263
2025-06-04,2592.17,2678.64,2582.43,2606.63,179601563.0,4717475718.8795
2025-06-05,2606.63,2639.99,2390.14,2412.89,270122874.0,6872170448.9403
2025-06-06,2412.89,2529.58,2380.88,2475.38,188671368.0,4673516955.845
2025-06-07,2475.38,2543.65,2455.88,2523.6,104689781.0,2621235168.6997
2025-06-08,2523.6,2548.02,2489.45,2508.37,104377923.0,2626114322.0407
2025-06-09,2508.37,2693.19,2476.52,2679.13,229858630.0,5900019607.4045
2025-06-10,2679.13,2826.7,2655.1,2815.75,322272810.0,8825993501.4854
2025-06-11,2815.75,2878.8,2742.57,2770.34,313931132.0,8818733418.5252
2025-06-12,2770.34,2783.68,2614.56,2641.26,268085983.0,7302863071.6342
2025-06-13,2641.26,2644.05,2435.93,2577.77,297838892.0,7532490235.2084
2025-06-14,2577.77,2578.1,2487.41,2529.67,142292583.0,3595229824.501
2025-06-15,2529.67,2558.28,2490.49,2546.32,147282034.0,3728269118.4351
2025-06-16,2546.32,2679.38,2513.53,2543.12,260919831.0,6815318373.3092
2025-06-17,2543.12,2617.67,2452.19,2508.98,228933320.0,5798786411.8986
2025-06-18,2508.98,2547.33,2465.01,2523.5,217508681.0,5456246529.9936
2025-06-19,2523.5,2546.1,2483.69,2520.18,133617649.0,3359971526.0492
2025-06-20,2520.18,2568.32,2364.19,2405.42,238465592.0,5900038817.5097
2025-06-21,2405.42,2446.94,2214.76,2294.63,187898456.0,4440403358.0626
2025-06-22,2294.63,2312.95,2111.42,2226.33,293927400.0,6527298388.8829
2025-06-23,2226.33,2439.15,2187.05,2410.39,310382560.0,7095974141.4319
2025-06-24,2410.39,2480.98,2374.89,2447.58,223732955.0,5426916521.8848
2025-06-25,2447.58,2467.71,2388.42,2417.28,199411914.0,4841418441.8514
2025-06-26,2417.28,2519.96,2393.0,2414.94,194616902.0,4768241508.8419
2025-06-27,2414.94,2462.93,2379.01,2422.05,168353516.0,4087020890.1174
2025-06-28,2422.05,2447.05,2404.9,2434.8,67689028.0,1643629033.1974
2025-06-29,2434.8,2524.34,2410.07,2499.01,114020744.0,2798553205.1755
2025-06-30,2499.01,2523.34,2433.01,2484.3,161963414.0,4018303233.5657
2025-07-01,2484.3,2499.6,2383.74,2403.66,149974467.0,3649737834.5962
2025-07-02,2403.66,2618.21,2369.97,2569.45,214623402.0,5389542367.2736
2025-07-03,2569.45,2635.03,2555.26,2590.18,161801390.0,4188390505.3739
2025-07-04,2590.18,2601.95,2473.16,2506.86,156382247.0,3953023621.4715
2025-07-05,2506.86,2528.78,2486.34,2515.26,78952748.0,1982231344.0235
2025-07-06,2515.26,2604.74,2502.25,2569.36,115263910.0,2933959196.2612
2025-07-07,2569.36,2589.86,2510.76,2541.16,133092377.0,3392139321.1508
2025-07-08,2541.16,2627.8,2522.17,2613.98,145920098.0,3763409886.6992
2025-07-09,2613.98,2794.86,2588.98,2767.7,213938659.0,5731781462.0089
2025-07-10,2767.7,3009.28,2754.3,2950.61,230831717.0,6546105153.2998
2025-07-11,2950.61,3040.51,2913.73,2956.94,230522716.0,6872728572.7273
2025-07-12,2956.94,2978.96,2902.8,2941.88,97968726.0,2882183957.9452
2025-07-13,2941.88,3019.39,2934.88,2970.37,122224811.0,3636379251.6621
2025-07-14,2970.37,3083.0,2961.45,3012.26,224627774.0,6801972111.6565
2025-07-15,3012.26,3144.48,2931.42,3138.0,284816159.0,8618311937.0042
2025-07-16,3138.0,3423.42,3099.84,3370.55,309154044.0,10053662330.9954
2025-07-17,3370.55,3524.0,3311.22,3476.66,304169914.0,10422081208.6744
2025-07-18,3476.66,3674.41,3458.13,3546.35,304050007.0,10905005517.0556
2025-07-19,3546.35,3607.94,3505.71,3591.31,141857356.0,5050253619.2473
2025-07-20,3591.31,3824.05,3578.22,3755.67,237370817.0,8837822430.2718
2025-07-21,3755.67,3857.82,3700.21,3760.95,217491920.0,8219756152.9902
2025-07-22,3760.95,3798.5,3617.79,3746.02,292224083.0,10808591964.8633
2025-07-23,3746.02,3764.13,3526.58,3627.42,196022236.0,7133856468.0622
2025-07-24,3627.42,3771.48,3505.03,3706.04,201974934.0,7391916737.0917
2025-07-25,3706.04,3746.42,3571.89,3724.18,175779823.0,6435816820.8397
2025-07-26,3724.18,3793.84,3698.89,3739.99,92497311.0,3461656481.527
2025-07-27,3739.99,3878.37,3729.06,3871.48,124389279.0,4741777702.8202
2025-07-28,3871.48,3940.81,3751.82,3796.0,154820610.0,5943050539.4142
2025-07-29,3796.0,3885.43,3714.04,3791.55,184670380.0,7014774461.9186
2025-07-30,3791.55,3832.6,3674.16,3808.67,176779319.0,6673795490.6653
2025-07-31,3808.67,3877.48,3682.23,3696.58,179099138.0,6791824295.5433
2025-08-01,3696.58,3722.9,3429.57,3486.42,264386292.0,9520724360.9311
2025-08-02,3486.42,3535.8,3366.55,3392.42,150039811.0,5187370864.3771
2025-08-03,3392.42,3520.55,3353.52,3495.01,98703853.0,3423031131.6395
2025-08-04,3495.01,3735.0,3489.28,3719.41,153506588.0,5567031320.1843
2025-08-05,3719.41,3720.0,3544.11,3610.19,173325480.0,6281746891.5266
2025-08-06,3610.19,3697.37,3562.59,3681.21,136581162.0,4958868648.5087
2025-08-07,3681.21,3926.3,3645.82,3908.41,174190298.0,6623253313.782
2025-08-08,3908.41,4070.0,3877.19,4009.05,155228095.0,6152305514.2125
2025-08-09,4009.05,4325.24,4005.15,4259.11,179014115.0,7517445386.5409
2025-08-10,4259.11,4331.99,4160.01,4248.77,136842588.0,5778916612.0078
2025-08-11,4248.77,4367.25,4164.47,4221.31,211113214.0,9013396179.9029
2025-08-12,4221.31,4639.5,4216.85,4589.31,213454360.0,9431328299.4325
2025-08-13,4589.31,4783.69,4562.5,4748.37,205730501.0,9639770328.8024
2025-08-14,4748.37,4793.99,4451.1,4545.25,235034527.0,10859451422.1814
2025-08-15,4545.25,4670.03,4365.0,4437.16,195265982.0,8826787012.5297
2025-08-16,4437.16,4488.33,4370.49,4420.0,102698162.0,4538726097.9514
2025-08-17,4420.0,4573.97,4392.56,4470.65,115790571.0,5207353307.3698
2025-08-18,4470.65,4480.01,4224.1,4311.72,186156475.0,8049275460.7453
2025-08-19,4311.72,4353.86,4065.04,4073.93,191765446.0,8076936562.7065
2025-08-20,4073.93,4375.85,4060.5,4334.5,177991924.0,7528680818.5851
2025-08-21,4334.5,4338.68,4202.39,4223.7,163708299.0,6985270420.4922
2025-08-22,4223.7,4888.49,4206.03,4829.83,278469771.0,12748230382.3179
2025-08-23,4829.83,4830.37,4662.25,4777.25,102171910.0,4839873311.981
2025-08-24,4777.25,4955.76,4705.08,4778.32,151412077.0,7285172005.9378
2025-08-25,4778.32,4796.45,4331.38,4374.25,207294780.0,9433798520.3021
2025-08-26,4374.25,4631.51,4310.01,4598.5,164948504.0,7402153729.5822
2025-08-27,4598.5,4662.48,4479.8,4504.85,143497133.0,6580870012.5738
2025-08-28,4504.85,4632.82,4425.01,4509.1,110753620.0,5020180331.8209
2025-08-29,4509.1,4514.67,4264.47,4358.65,156567087.0,6834491687.1561
2025-08-30,4358.65,4412.79,4254.97,4372.0,77089877.0,3357971039.1421
2025-08-31,4372.0,4496.51,4370.33,4389.59,93864631.0,4181817362.7715
2025-09-01,4389.59,4489.99,4207.94,4313.0,128337947.0,5603828276.1376
2025-09-02,4313.0,4414.69,4254.42,4324.58,119941025.0,5195363831.0556
2025-09-03,4324.58,4488.36,4281.0,4448.21,93308279.0,4101766851.0586
2025-09-04,4448.21,4480.99,4263.01,4295.66,120192451.0,5235764182.0215
2025-09-05,4295.66,4494.24,4252.68,4305.7,119506819.0,5204968329.0386
2025-09-06,4305.7,4327.0,4228.05,4271.68,40327710.0,1726778565.1915
2025-09-07,4271.68,4336.05,4267.97,4303.84,34370191.0,1476276410.3713
2025-09-08,4303.84,4382.75,4276.26,4303.98,66192936.0,2859534051.9286
2025-09-09,4303.98,4380.76,4274.76,4308.4,59502066.0,2566837061.3647
2025-09-10,4308.4,4452.76,4283.0,4347.83,72379349.0,3152728333.6051
2025-09-11,4347.83,4481.96,4336.8,4456.86,71113604.0,3142563214.2597
2025-09-12,4456.86,4749.7,4448.35,4710.82,84989450.0,3891015270.18
2025-09-13,4710.82,4767.97,4603.18,4664.74,49708235.0,2328581193.0463
2025-09-14,4664.74,4691.09,4575.0,4602.0,40029766.0,1852245294.4896
2025-09-15,4602.0,4668.0,4462.98,4521.53,62985599.0,2858871060.9946
2025-09-16,4521.53,4535.93,4421.5,4499.41,61416238.0,2754380612.6333
2025-09-17,4499.41,4615.26,4406.27,4588.3,89259973.0,4018988528.371
2025-09-18,4588.3,4642.58,4551.75,4585.31,54877977.0,2521813387.4152
2025-09-19,4585.31,4619.5,4433.0,4466.48,52434754.0,2364469619.808
2025-09-20,4466.48,4506.75,4451.62,4478.26,20023797.0,896713075.1061
2025-09-21,4478.26,4497.01,4439.88,4443.01,24119431.0,1077980922.558
2025-09-22,4443.01,4454.01,4035.55,4196.87,85158854.0,3594475278.4734
2025-09-23,4196.87,4227.71,4112.44,4162.24,58439972.0,2440839714.8305
2025-09-24,4162.24,4204.99,4071.43,4150.5,47887115.0,1992988903.6085
2025-09-25,4150.5,4158.95,3822.0,3873.1,125495169.0,4986643271.6731
2025-09-26,3873.1,4066.26,3866.0,4030.54,75020823.0,2967958767.865
2025-09-27,4030.54,4038.59,3971.45,4016.98,31072309.0,1244895388.1426
2025-09-28,4016.98,4142.72,3963.17,4139.54,44272581.0,1786168074.934
2025-09-29,4139.54,4234.29,4079.96,4212.99,60530305.0,2513113633.8222
2025-09-30,4212.99,4243.91,4091.0,4142.59,55240805.0,2296294159.9866
2025-10-01,4142.59,4353.3,4120.96,4346.06,57014479.0,2436431374.4258
2025-10-02,4346.06,4516.29,4330.11,4481.7,67136948.0,2965473505.9456
2025-10-03,4481.7,4590.71,4426.0,4510.92,76036423.0,3417846712.3321
2025-10-04,4510.92,4515.8,4438.29,4484.79,29140450.0,1305729063.6992
2025-10-05,4484.79,4618.37,4465.08,4512.34,48833830.0,2214980902.5802
2025-10-06,4512.34,4734.95,4486.1,4682.39,66498367.0,3074348798.0069
2025-10-07,4682.39,4753.97,4426.22,4445.59,82209737.0,3774248715.0575
2025-10-08,4445.59,4556.75,4409.32,4523.66,58074451.0,2602207524.0856
2025-10-09,4523.66,4529.15,4262.63,4365.82,69698270.0,3043169574.975
2025-10-10,4365.82,4392.0,3405.17,3819.58,137673265.0,5570049787.5199
2025-10-11,3819.58,3874.28,3640.55,3744.53,68962784.0,2610683845.3065
2025-10-12,3744.53,4195.83,3693.22,4149.99,74805842.0,2974290531.7556
2025-10-13,4149.99,4291.0,4041.91,4239.7,71079760.0,2959596679.0425
2025-10-14,4239.7,4262.0,3887.24,4123.05,100378793.0,4069177455.7423
2025-10-15,4123.05,4214.87,3921.92,3983.81,71452639.0,2892726679.3097
2025-10-16,3983.81,4083.13,3823.36,3892.01,98758332.0,3905496720.8592
2025-10-17,3892.01,3948.06,3672.43,3829.99,109382680.0,4158312366.4888
2025-10-18,3829.99,3926.01,3817.24,3887.01,66647947.0,2582651262.8729
2025-10-19,3887.01,4029.48,3821.63,3980.6,97802088.0,3859465228.0625
2025-10-20,3980.6,4087.39,3906.89,3977.54,133414622.0,5330177745.1585
2025-10-21,3977.54,4111.32,3835.35,3870.79,169558179.0,6693975853.8254
2025-10-22,3870.79,3887.78,3705.3,3803.69,117475356.0,4489343670.7318
2025-10-23,3803.69,3934.41,3794.34,3854.74,99724426.0,3846627810.1524
2025-10-24,3854.74,4028.55,3843.4,3932.99,90132925.0,3542360838.8358
2025-10-25,3932.99,3967.55,3910.0,3951.76,44940197.0,1770478396.1604
2025-10-26,3951.76,4179.95,3915.99,4157.1,72672339.0,2936684228.4911
2025-10-27,4157.1,4251.67,4092.81,4118.32,89447276.0,3733838645.895
2025-10-28,4118.32,4174.41,3928.15,3977.45,102479657.0,4182543268.1851
2025-10-29,3977.45,4034.63,3835.19,3900.8,91467144.0,3629240554.65
2025-10-30,3900.8,3946.99,3675.01,3802.61,85674332.0,3269838280.1488
2025-10-31,3802.61,3904.87,3794.0,3845.8,64524044.0,2481597809.0931
2025-11-01,3845.8,3908.8,3827.82,3871.9,62196267.0,2407625017.8864
2025-11-02,3871.9,3917.35,3836.58,3904.33,78380019.0,3033717231.9197
2025-11-03,3904.33,3912.84,3554.8,3601.84,119401867.0,4403771625.2577
2025-11-04,3601.84,3652.97,3053.89,3284.77,150231556.0,5122451265.6384
2025-11-05,3284.77,3478.57,3164.89,3422.7,92349356.0,3097336089.9225
2025-11-06,3422.7,3454.68,3244.98,3313.7,102805353.0,3446982506.6375
2025-11-07,3313.7,3471.91,3193.0,3434.43,110911996.0,3704646155.228
2025-11-08,3434.43,3489.32,3352.36,3399.7,110943933.0,3789631104.6762
2025-11-09,3399.7,3624.0,3356.64,3581.15,152506964.0,5306097903.9152
2025-11-10,3581.15,3657.59,3504.59,3566.5,154032281.0,5507249951.5831
2025-11-11,3566.5,3646.96,3403.0,3416.22,161916149.0,5712808413.9218
2025-11-12,3416.22,3586.78,3369.35,3413.26,121598328.0,4207548982.5431
2025-11-13,3413.26,3563.54,3152.0,3229.62,135271186.0,4552919655.2247
2025-11-14,3229.62,3258.24,3068.23,3111.05,123293559.0,3912885159.8853
2025-11-15,3111.05,3230.45,3108.91,3166.56,121201530.0,3845594955.9064
2025-11-16,3166.56,3248.48,3001.15,3094.05,152814677.0,4799082915.2156
2025-11-17,3094.05,3224.78,2958.05,3030.07,141855167.0,4406571966.9552
2025-11-18,3030.07,3169.24,2943.32,3122.21,128351364.0,3944920877.8715
2025-11-19,3122.21,3124.59,2872.84,3024.08,141590233.0,4265324051.9205
2025-11-20,3024.08,3062.55,2788.0,2832.96,135084377.0,3973036251.4623
2025-11-21,2832.96,2885.84,2620.33,2764.68,154704321.0,4262642446.9436
2025-11-22,2764.68,2798.0,2702.88,2769.06,128538103.0,3532727519.2904
2025-11-23,2769.06,2857.0,2766.87,2800.74,140428269.0,3954538160.2851
2025-11-24,2800.74,2987.02,2761.38,2952.18,140307800.0,4037562233.4266
2025-11-25,2952.18,2979.22,2855.12,2958.25,172707213.0,5047737686.9056
2025-11-26,2958.25,3043.78,2885.12,3025.04,173582253.0,5156613471.1608
2025-11-27,3025.04,3069.7,2984.58,3013.83,180208970.0,5449662708.6277
2025-11-28,3013.83,3097.73,2992.18,3029.81,182220605.0,5521700506.4524
2025-11-29,3029.81,3051.41,2961.11,2987.93,191327513.0,5750655188.3994
2025-11-30,2987.93,3052.03,2974.0,2990.15,158500355.0,4772560490.8672
2025-12-01,2990.15,2998.52,2718.07,2797.48,140477889.0,3944365909.2131
2025-12-02,2797.48,3032.85,2780.6,2994.63,134733803.0,3916914331.8944
2025-12-03,2994.63,3215.7,2983.83,3186.97,125897228.0,3889291308.0888
2025-12-04,3186.97,3239.27,3064.83,3132.0,144795245.0,4589798781.6075
2025-12-05,3132.0,3191.78,2980.78,3020.39,169602771.0,5257035202.1635
2025-12-06,3020.39,3068.01,3011.0,3036.52,170269437.0,5166779527.2665
2025-12-07,3036.52,3149.29,2908.25,3058.14,189852219.0,5788028256.3441
2025-12-08,3058.14,3179.27,3038.92,3123.15,127484487.0,3978808501.3797
2025-12-09,3123.15,3397.2,3089.61,3316.49,139422260.0,4485930776.7198
2025-12-10,3316.49,3445.94,3286.39,3322.8,139705319.0,4659973817.8905
2025-12-11,3322.8,3326.04,3143.54,3235.77,111549802.0,3583014078.3551
2025-12-12,3235.77,3264.51,3042.82,3083.34,128407735.0,4070228945.7609
2025-12-13,3083.34,3134.16,3073.92,3113.01,171522059.0,5319890249.0757
2025-12-14,3113.01,3128.0,3023.45,3062.49,204364947.0,6325316773.3829
2025-12-15,3062.49,3176.91,2893.05,2963.28,208409675.0,6333753574.916
2025-12-16,2963.28,2981.47,2874.78,2960.71,163801971.0,4821232441.8916
2025-12-17,2960.71,3029.37,2789.52,2832.01,139911487.0,4058765474.6034
2025-12-18,2832.01,2996.87,2773.92,2827.24,132827112.0,3801766766.1106
2025-12-19,2827.24,3017.81,2807.5,2978.34,120616778.0,3551444943.3181
2025-12-20,2978.34,2992.89,2965.54,2976.54,178457925.0,5316256527.6165
2025-12-21,2976.54,3011.89,2943.08,3000.62,308229443.0,9188127796.6947
2025-12-22,3000.62,3076.3,2962.03,3008.49,300166274.0,9073932432.6492
2025-12-23,3008.49,3035.0,2900.01,2963.31,210874747.0,6280384191.8332
2025-12-24,2963.31,2976.49,2887.0,2946.23,138591968.0,4071300095.0412
2025-12-25,2946.23,2969.7,2889.02,2902.32,88520862.0,2600305607.4744
2025-12-26,2902.32,2993.6,2892.7,2926.79,81074399.0,2385706153.8115
2025-12-27,2926.79,2959.66,2916.02,2947.66,56764515.0,1662969400.8823
2025-12-28,2947.66,2959.63,2923.74,2949.59,78204598.0,2300115421.7172
2025-12-29,2949.59,3056.18,2908.6,2936.46,106709934.0,3167825872.4501
2025-12-30,2936.46,3008.53,2918.0,2972.29,78138915.0,2316698176.4706
2025-12-31,2972.29,3027.16,2957.44,2970.4,56850163.0,1694807385.5087
2026-01-01,2970.4,3008.71,2970.14,3002.49,19779647.0,590857268.509
2026-01-02,3002.49,3148.92,2990.89,3123.88,58293809.0,1790150672.8125
2026-01-03,3123.88,3135.0,3074.41,3125.46,27802199.0,864120130.5442
2026-01-04,3125.46,3165.86,3116.16,3143.33,37577219.0,1179909122.7839
2026-01-05,3143.33,3264.0,3133.41,3223.71,64117141.0,2040710795.0655
2026-01-06,3223.71,3308.08,3181.71,3295.45,53900886.0,1750932511.5934
2026-01-07,3295.45,3295.56,3123.47,3167.29,54405087.0,1739104556.0207
2026-01-08,3167.29,3183.69,3052.65,3105.13,66913035.0,2082769471.9564
2026-01-09,3105.13,3147.58,3057.0,3087.15,60972435.0,1887448279.0233
2026-01-10,3087.15,3102.6,3076.98,3085.48,18172425.0,561375270.9894
2026-01-11,3085.48,3146.86,3083.23,3122.0,33136366.0,1030734720.4928
2026-01-12,3122.0,3170.63,3063.88,3093.84,56306703.0,1755162898.8633
2026-01-13,3093.84,3379.69,3090.21,3324.72,64664632.0,2061761165.1153
2026-01-14,3324.72,3402.32,3279.68,3353.28,69504843.0,2321456629.87
2026-01-15,3353.28,3383.63,3270.84,3317.0,60002491.0,1995532475.4012
2026-01-16,3317.0,3325.15,3251.29,3294.81,50303466.0,1655441208.5407
2026-01-17,3294.81,3328.31,3282.38,3308.86,29066563.0,960282134.1307
2026-01-18,3308.86,3367.84,3277.27,3282.78,46070937.0,1531577886.0998
2026-01-19,3282.78,3283.16,3164.78,3188.15,55486491.0,1781116177.2288
2026-01-20,3188.15,3199.63,2910.4,2938.18,104386824.0,3189436018.8361
2026-01-21,2938.18,3068.0,2864.4,2980.67,118253286.0,3502694095.6119
2026-01-22,2980.67,3037.03,2904.33,2951.22,80013658.0,2382191380.968
2026-01-23,2951.22,3018.12,2890.63,2955.09,67501710.0,1991626644.8385
2026-01-24,2955.09,2968.78,2942.3,2952.08,25899757.0,766120254.9848
2026-01-25,2952.08,2959.27,2784.46,2815.49,62227443.0,1791632765.8305
2026-01-26,2815.49,2950.02,2810.61,2928.89,61775664.0,1789852305.6386
2026-01-27,2928.89,3034.24,2898.78,3024.92,73314715.0,2165036782.9916
2026-01-28,3024.92,3044.41,2981.84,3009.36,60546582.0,1824227405.634
2026-01-29,3009.36,3012.05,2752.69,2821.06,92413852.0,2643071045.1515
2026-01-30,2821.06,2827.39,2634.55,2705.66,111182735.0,3032350464.2744
2026-01-31,2705.66,2713.5,2226.33,2450.25,114917172.0,2890638559.742
2026-02-01,2450.25,2474.45,2218.48,2269.11,119635516.0,2810852109.307
2026-02-02,2269.11,2395.0,2156.67,2345.55,133864515.0,3066983265.8067
2026-02-03,2345.55,2358.54,2106.79,2232.24,135187733.0,3054488660.2869
2026-02-04,2232.24,2294.65,2075.25,2147.26,129612603.0,2826953345.4342
2026-02-05,2147.26,2173.02,1814.08,1824.95,206675292.0,4119899066.8357
2026-02-06,1824.95,2093.7,1740.84,2062.55,158930664.0,3116740470.2575
2026-02-07,2062.55,2124.79,1993.55,2085.93,121318893.0,2492159172.651
2026-02-08,2085.93,2151.25,2065.6,2088.6,96967359.0,2040680249.3772
2026-02-09,2088.6,2147.7,2008.0,2103.97,109405480.0,2269532504.4168
2026-02-10,2103.97,2123.7,1986.88,2021.5,90071093.0,1827216541.6463
2026-02-11,2021.5,2031.18,1901.52,1940.46,102567369.0,2007266033.5419
2026-02-12,1940.46,2000.0,1895.4,1947.15,79676140.0,1554922891.9565
2026-02-13,1947.15,2072.12,1923.53,2047.61,80286934.0,1603754413.8976
2026-02-14,2047.61,2106.66,2041.26,2085.44,63774111.0,1324343796.405
2026-02-15,2085.44,2102.73,1927.83,1965.47,85666259.0,1728348205.4302
2026-02-16,1965.47,2022.93,1936.22,1997.36,87209119.0,1723118680.5551
2026-02-17,1997.36,2014.68,1940.49,1990.67,89886550.0,1781167783.3389
2026-02-18,1990.67,2038.38,1922.0,1954.77,92575792.0,1830630259.0787
2026-02-19,1954.77,1986.79,1905.58,1948.15,87690820.0,1704413228.0971
2026-02-20,1948.15,1980.52,1921.7,1967.85,87243303.0,1706202315.5226
2026-02-21,1967.85,1995.59,1955.2,1972.54,54027661.0,1068129084.3235
2026-02-22,1972.54,1982.41,1933.98,1957.0,58591191.0,1147593057.271
2026-02-23,1957.0,1957.46,1836.26,1855.48,122807090.0,2312156532.2281
2026-02-24,1855.48,1868.89,1796.6,1851.1,108278649.0,1988279732.1933
2026-02-25,1851.1,2148.59,1845.7,2056.61,153493288.0,3054017545.9667
2026-02-26,2056.61,2083.19,1974.48,2026.71,100638332.0,2051983169.9149
2026-02-27,2026.71,2062.63,1885.79,1928.51,125300183.0,2471049720.4363
2026-02-28,1928.51,1984.12,1834.06,1963.48,144819470.0,2760346042.8416
2026-03-01,1963.48,2054.17,1906.2,1938.19,150497594.0,2977777705.9493
2026-03-02,1938.19,2088.85,1917.92,2026.7,142696604.0,2845922525.1347
2026-03-03,2026.7,2040.63,1926.86,1981.84,140130517.0,2771079660.9184
2026-03-04,1981.84,2198.48,1943.48,2125.97,161601385.0,3363700772.8654
2026-03-05,2125.97,2162.79,2053.73,2072.09,110371640.0,2324612691.5958
2026-03-06,2072.09,2092.3,1954.9,1977.65,104426303.0,2114887179.8116
2026-03-07,1977.65,1995.46,1947.0,1968.4,62068052.0,1226174816.7454
2026-03-08,1968.4,1979.0,1908.49,1935.97,90805191.0,1769074740.3568
2026-03-09,1935.97,2052.8,1928.23,1992.28,105648408.0,2114853381.3718
2026-03-10,1992.28,2087.3,1990.23,2035.49,117324351.0,2401155553.6401
2026-03-11,2035.49,2084.89,2006.08,2051.17,106089547.0,2172172658.3979
2026-03-12,2051.17,2094.42,2016.44,2072.83,113507599.0,2333682330.4562
2026-03-13,2072.83,2208.5,2069.39,2091.38,138415848.0,2943267474.4039
2026-03-14,2091.38,2105.02,2060.19,2095.28,58831308.0,1224316781.4834
2026-03-15,2095.28,2202.64,2082.13,2177.73,97411664.0,2064125303.039
2026-03-16,2177.73,2385.0,2164.05,2351.67,145397666.0,3324558125.4505
2026-03-17,2351.67,2376.24,2293.92,2316.5,117784397.0,2744440844.4375
2026-03-18,2316.5,2348.9,2151.86,2201.96,153780025.0,3440602934.4965
2026-03-19,2201.96,2232.59,2098.11,2136.68,142836437.0,3072415393.1667
2026-03-20,2136.68,2175.58,2115.39,2145.08,110624484.0,2367438347.3931
2026-03-21,2145.08,2167.79,2069.0,2083.37,65770213.0,1411591112.5007
2026-03-22,2083.37,2126.38,2024.43,2052.86,110173293.0,2289798487.1713
2026-03-23,2052.86,2198.5,2021.56,2151.0,130262507.0,2764259173.9992
2026-03-24,2151.0,2174.41,2102.17,2155.3,108170464.0,2315601929.6113
2026-03-25,2155.3,2198.6,2145.0,2168.0,100543188.0,2183543015.8206
2026-03-26,2168.0,2171.32,2033.41,2059.17,108001555.0,2252969371.6437
2026-03-27,2059.17,2075.96,1964.55,1991.58,111993872.0,2250421227.9166
2026-03-28,1991.58,2045.93,1981.52,1993.47,83454483.0,1675552964.0949
2026-03-29,1993.47,2018.81,1936.65,1983.28,109059957.0,2173860517.1447
2026-03-30,1983.28,2083.66,1978.8,2025.72,124313767.0,2540666783.1724
2026-03-31,2025.72,2123.71,2010.97,2104.65,138930921.0,2873720487.1206
2026-04-01,2104.65,2167.18,2081.41,2138.81,141742239.0,3020669842.0983
2026-04-02,2138.81,2158.05,2015.62,2055.96,133838708.0,2756725942.5154
2026-04-03,2055.96,2081.02,2039.5,2053.0,93932008.0,1929758039.5179
2026-04-04,2053.0,2083.2,2043.0,2064.44,69112199.0,1421346286.724
2026-04-05,2064.44,2122.68,2020.84,2109.36,111013638.0,2283061489.5395
2026-04-06,2109.36,2173.86,2086.72,2106.14,129326840.0,2765694078.3235
2026-04-07,2106.14,2272.99,2059.68,2239.13,158402781.0,3359483529.392
2026-04-08,2239.13,2269.65,2178.43,2188.87,139703357.0,3107266056.706
2026-04-09,2188.87,2245.42,2156.21,2188.91,142868913.0,3136602702.1019
2026-04-10,2188.91,2256.76,2175.16,2243.91,112453127.0,2497164588.5865
2026-04-11,2243.91,2329.33,2227.32,2283.86,99275425.0,2248157677.3961
2026-04-12,2283.86,2287.58,2174.0,2190.36,98447737.0,2172763091.3453
2026-04-13,2190.36,2394.85,2174.64,2368.81,135911612.0,3041743103.2746
2026-04-14,2368.81,2415.89,2301.96,2321.17,109705984.0,2583461274.0954
2026-04-15,2321.17,2384.43,2307.22,2358.87,111262978.0,2601899696.0917
2026-04-16,2358.87,2368.34,2282.99,2346.92,109396425.0,2553723159.1862
2026-04-17,2346.92,2463.8,2315.59,2417.65,124785456.0,2991976957.3723
2026-04-18,2417.65,2426.66,2337.71,2348.93,79469456.0,1884025955.7867
2026-04-19,2348.93,2353.99,2251.06,2261.81,108098880.0,2499078027.0897
2026-04-20,2261.81,2345.97,2258.69,2312.59,121149118.0,2793327119.9971
2026-04-21,2312.59,2337.76,2283.02,2326.13,121707559.0,2813300053.1717
2026-04-22,2326.13,2422.55,2311.64,2373.04,116731690.0,2787197442.9095
2026-04-23,2373.04,2381.44,2283.57,2329.0,115045131.0,2678780833.3299
2026-04-24,2329.0,2336.4,2298.59,2313.87,108375236.0,2510253354.1088
2026-04-25,2313.87,2322.22,2299.33,2318.2,49081834.0,1135541346.9471
2026-04-26,2318.2,2379.24,2304.94,2368.32,77722443.0,1821490285.6606
2026-04-27,2368.32,2403.58,2264.25,2302.27,113722327.0,2636413911.7011
2026-04-28,2302.27,2309.4,2256.47,2288.36,101289321.0,2312515573.8704
2026-04-29,2288.36,2346.24,2219.0,2251.53,137621910.0,3145011274.5227
2026-04-30,2251.53,2277.87,2230.24,2256.5,92952716.0,2098615783.8008
2026-05-01,2256.5,2324.77,2256.03,2294.34,106739628.0,2447713717.0902
2026-05-02,2294.34,2341.83,2291.41,2315.91,64568472.0,1490043348.6583
2026-05-03,2315.91,2356.03,2296.17,2321.68,91863310.0,2132961466.9366
2026-05-04,2321.68,2398.55,2307.95,2346.12,134746143.0,3170698532.2746
2026-05-05,2346.12,2398.87,2344.0,2359.46,103481123.0,2457410246.9875
2026-05-06,2359.46,2422.5,2335.63,2349.69,104974122.0,2491180647.2892
2026-05-07,2349.69,2351.29,2278.61,2289.91,103386173.0,2391942883.9177
2026-05-08,2289.91,2320.54,2264.16,2306.16,84632910.0,1939368432.6679
2026-05-09,2306.16,2337.7,2297.99,2325.36,66259730.0,1536685249.0389
2026-05-10,2325.36,2381.88,2310.28,2370.21,101461955.0,2376151492.123
2026-05-11,2370.21,2374.01,2303.0,2338.61,92537367.0,2159897484.6002
2026-05-12,2338.61,2339.8,2255.27,2273.82,106553909.0,2436354521.1066
2026-05-13,2273.82,2322.52,2233.01,2257.54,109861252.0,2501250985.2757
2026-05-14,2257.54,2318.57,2237.34,2282.05,108294419.0,2466263980.2312
2026-05-15,2282.05,2299.31,2203.69,2223.65,97286594.0,2178806411.4017
2026-05-16,2223.65,2230.79,2160.56,2179.66,79831371.0,1746321723.0823
2026-05-17,2179.66,2197.54,2091.13,2129.88,90064635.0,1961808591.7725
2026-05-18,2129.88,2156.26,2075.9,2128.99,148518501.0,3142444709.8705
2026-05-19,2128.99,2146.29,2093.42,2110.99,97521755.0,2066703292.2642
2026-05-20,2110.99,2147.91,2102.0,2128.6,92324739.0,1964091035.5729
2026-05-21,2128.6,2156.66,2104.06,2132.89,88543201.0,1886488589.1322
2026-05-22,2132.89,2140.55,2056.28,2064.85,93581750.0,1970861050.0473
2026-05-23,2064.85,2149.34,2007.35,2116.71,109978241.0,2276873472.7781
2026-05-24,2116.71,2130.84,2061.43,2098.78,94827072.0,1997001668.5721
2026-05-25,2098.78,2141.45,2091.15,2111.64,91148918.0,1927110946.3947
2026-05-26,2111.64,2139.51,2053.51,2072.79,117214501.0,2457996241.6403
2026-05-27,2072.79,2096.39,2014.99,2023.71,98997093.0,2042834437.6804
2026-05-28,2023.71,2029.39,1965.69,2008.92,92028901.0,1837306773.4721
2026-05-29,2008.92,2045.76,1975.56,2013.36,97798658.0,1967378434.1385
2026-05-30,2013.36,2031.42,2001.0,2021.59,48864149.0,987575349.4808
2026-05-31,2021.59,2037.12,1993.07,2006.3,67649840.0,1362422055.2286
2026-06-01,2006.3,2020.69,1954.8,2006.19,126539630.0,2514749208.9035
2026-06-02,2006.19,2006.36,1837.6,1859.02,150308067.0,2917614662.2144
2026-06-03,1859.02,1892.31,1768.03,1812.45,135944200.0,2506410907.4337
2026-06-04,1812.45,1819.9,1716.03,1769.85,135432624.0,2400465309.9292
2026-06-05,1769.85,1774.34,1538.68,1582.35,197487780.0,3221342856.347
2026-06-06,1582.35,1600.83,1504.14,1568.61,131221102.0,2047747275.2636
2026-06-07,1568.61,1720.84,1562.93,1689.57,126234487.0,2051626508.3274
2026-06-08,1689.57,1713.79,1644.0,1689.21,118766982.0,1997810890.8824
2026-06-09,1689.21,1696.0,1613.32,1638.62,110153115.0,1825541138.3711
2026-06-10,1638.62,1667.03,1602.71,1620.71,116938551.0,1907653342.6075
2026-06-11,1620.71,1693.04,1620.71,1672.56,113579732.0,1883491667.4085
2026-06-12,1672.56,1690.48,1651.17,1665.48,103303744.0,1723976714.8876
2026-06-13,1665.48,1685.51,1661.23,1675.73,45422564.0,760367031.2259
